,Train,Test
MAE,1.7122643403869007,2.7907575727644347
RMSE,17.486559849812384,11.513428443516567
R$^2$,-0.923964703554661,0.5091185446066698
