,Train,Validation,Test
MAE,1.2548400225306016,0.6255956834903688,2.5193189766024227
RMSE,9.949155320798097,1.2343685767096293,8.956808986309373
R$^2$,0.42765465184035123,0.9530932671188744,0.7029196558958914
