,Train,Validation,Test
MAE,1.450291644910419,0.726610334158734,0.7686130969130823
RMSE,15.968454125453794,3.1107188998135484,1.2686752925955915
R$^2$,-0.17062985154570876,0.8264648410458926,0.9513265662219561
